Título,Semilla,Estado,Frecuencia,Tamaño,Palabras_clave,Materia
"CEIP Antonio Machado (Espera, Cádiz)",http://antoniomachadoespera.blogspot.com,Activa,Semestral,Pequeno,Educación / Centros docentes / Cádiz,Educación
"CEIP Bahía de Barbate (Barbate, Cádiz)",http://bahiadebarbate.es,Activa,Semestral,Pequeno,Educación / Centros docentes / Cádiz,Educación
"CEIP Albaicín (Sanlúcar de Barrameda, Cádiz)",http://biblioceipalbaicin.blogspot.com,Activa,Semestral,Mediano,Educación / Centros docentes / Cádiz,Educación
"CEIP San Felipe (La Línea de la Concepción, Cádiz)",http://blogsanfelipe.blogspot.com,Activa,Semestral,Pequeno,Educación / Centros docentes / Cádiz,Educación
"Bodega Los Infantes Orleans Borbón (Sanlúcar de Barrameda, Cádiz)",http://bodegaorleansborbon.es,Activa,Anual,Mediano,Vinos / Bodegas / Industria de las bebidas / Cádiz,Bebidas
Bodegas Juan Piñero (Sanlúcar de Barrameda (Cádiz),http://bodegasjuanpinero.com,Activa,Anual,Mediano,Vinos / Bodegas / Industria de las bebidas / Cádiz,Bebidas
"Bodegas Luís Pérez (Jerez de la Frontera, Cádiz)",http://bodegasluisperez.com,Activa,Anual,Mediano,Vinos / Bodegas / Industria de las bebidas / Cádiz,Bebidas
Ciudadanos - Cádiz - (Cs - Cádiz),http://cadiz.ciudadanos-cs.org,Activa,Semestral,Pequeno,Política / Instituciones políticas / Partidos políticos / Ciudadanos - Partido de la Ciudadanía (Cs) / Cádiz,Política
"Café Teatro Pay-Pay (Algeciras, Cádiz)",http://cafeteatropaypay.com,Activa,Semestral,Pequeno,Teatros / Cádiz,Arte
"Bodega Callejuela (Sanlúcar de Barrameda, Cádiz)",http://callejuela.es,Activa,Anual,Mediano,Vinos / Bodegas / Industria de las bebidas / Cádiz,Alimentaria
CEIP Adolfo de Castro (Cádiz),http://ceipadolfodecastro.blogspot.com,Activa,Semestral,Pequeno,Educación / Centros docentes / Cádiz,Educación
"CEIP Camposoto (San Fernando, Cádiz)",http://ceipcamposoto.blogspot.com,Activa,Semestral,Pequeno,Educación / Centros docentes / Cádiz,Educación
"CEIP El Castillo (Chiclana de la Frontera, Cádiz)",http://ceipelcastillochiclana.blogspot.com,Activa,Semestral,Pequeno,Educación / Centros docentes / Cádiz,Educación
"CEIP Ntra. Sra. de Guadalupe (Los Barrios, Cádiz)",http://ceipguadalupepalmones.blogspot.com,Activa,Semestral,Pequeno,Educación / Centros docentes / Cádiz,Educación
"CEIP Juventud (Jerez de la Frontera, Cádiz)",http://ceipjuventud1.blogspot.com,Activa,Semestral,Pequeno,Educación / Centros docentes / Cádiz,Educación
"CEIP La Ardila (San Fernando, Cádiz)",http://ceiplardila.blogspot.com,Activa,Semestral,Pequeno,Educación / Centros docentes / Cádiz,Educación
"CEIP Maestro José Arenas Pulido (Alcalá del Valle, Cádiz)",http://ceipmaestrojosearenaspulido.blogspot.com,Activa,Semestral,Pequeno,Educación / Centros docentes / Cádiz,Educación
"CEIP Manuel de Falla (San Fernando, Cádiz)",http://ceipmanueldefalla.blogspot.com,Activa,Semestral,Mediano,Educación / Centros docentes / Cádiz,Educación
"CEIP Menesteo (El Puerto de Santa María, Cádiz)",http://ceipmenesteo.blogspot.com,Activa,Semestral,Pequeno,Educación / Centros docentes / Cádiz,Educación
"CEIP Ntra. Sra. de las Montañas (Villamartín, Cádiz)",http://ceipmontanas.blogspot.com,Activa,Semestral,Pequeno,Educación / Centros docentes / Cádiz,Educación
"CEIP Pablo Picasso (La Línea de la Concepción, Cádiz)",http://ceippablopicassolalinea.blogspot.com,Activa,Semestral,Pequeno,Educación / Centros docentes / Cádiz,Educación
"CEIP Quinta de la Paz (Sanlúcar de Barrameda, Cádiz)",http://ceipquintadelapaz.blogspot.com,Activa,Semestral,Pequeno,Educación / Centros docentes / Cádiz,Educación
"CEIP Ntra. Sra. Reina de los Ángeles (Jimena de la Frontera, Cádiz)",http://ceipreinadelosangeles.blogspot.com,Activa,Semestral,Pequeno,Educación / Centros docentes / Cádiz,Educación
"CEIP Sagrado Corazón de Jesús (Torre-Alháquime, Cádiz)",http://ceipsagradocorazondejesus.blogspot.com,Activa,Semestral,Pequeno,Educación / Centros docentes / Cádiz,Educación
CEIP Santa Teresa (Cádiz),http://ceipsantateresadecadiz.blogspot.com,Activa,Semestral,Pequeno,Educación / Centros docentes / Cádiz,Educación
"CEIP Vallesequillo (Jerez de la Frontera, Cádiz)",http://ceipvallesequillo.es,Activa,Semestral,Pequeno,Educación / Centros docentes / Cádiz,Educación
"CEIP Vicenta Tarín (Arcos de la Frontera, Cádiz)",http://ceipvicentatarin.es,Activa,Semestral,Pequeno,Educación / Centros docentes / Cádiz,Administración
"CEIP Miguel de Cervantes (Olvera, Cádiz)",http://cervantesdeolvera.blogspot.com,Activa,Semestral,Pequeno,Educación / Centros docentes / Cádiz,Educación
"CEIP Albarracín (El Bosque, Cádiz)",http://colealbarracin.blogspot.com,Activa,Semestral,Mediano,Educación / Centros docentes / Cádiz,Educación
"CEIP Los Argonautas (Chipiona, Cádiz)",http://coleargonautas.blogspot.com,Activa,Semestral,Pequeno,Educación / Centros docentes / Cádiz,Educación
"CEIP Maestra Carmen Sedofeito (Chiclana de la Frontera, Cádiz)",http://colegiocarmensedofeito.blogspot.com,Activa,Semestral,Pequeno,Educación / Centros docentes / Cádiz,Educación
"CEIP La Constitución (San Fernando, Cádiz)",http://colegioconstitucionsanfernando.blogspot.com,Activa,Semestral,Pequeno,Educación / Centros docentes / Cádiz,Educación
"CEIP Castillo de Doña Blanca (El Puerto de Santa María, Cádiz)",http://colegiodonablanca.blogspot.com,Activa,Semestral,Pequeno,Educación / Centros docentes / Cádiz,Educación
CEIP Juan Sebastián Elcano (Cádiz),http://colegioelcanosanfernando.blogspot.com,Activa,Semestral,Pequeno,Educación / Centros docentes / Cádiz,Educación
CEIP Fermín Salvochea (Cádiz),http://colegioferminsalvochea.blogspot.com,Activa,Semestral,Pequeno,Educación / Centros docentes / Cádiz,Educación
"CEIP Pío XII (Jerez de la Frontera, Cádiz)",http://colegiopioxiijerez.blogspot.com,Activa,Semestral,Pequeno,Educación / Centros docentes / Cádiz,Educación
"CEIP Riofrío (Arcos de la Frontera, Cádiz)",http://colegiopublicoriofrio.blogspot.com,Activa,Semestral,Pequeno,Educación / Centros docentes / Cádiz,Educación
"CEIP Sagrada Familia (Jerez de la Frontera, Cádiz)",http://colesagradajerez.blogspot.com,Activa,Semestral,Pequeno,Educación / Centros docentes / Cádiz,Educación
Ilustre Colegio Oficial de Veterinarios de Cádiz,http://colvetcadiz.org,Activa,Semestral,Pequeno,Veterinaria / Veterinarios / Asociaciones / Cádiz,Veterinaria
Consejo Local de Hermandades y Cofradías de Algeciras (Cádiz),http://consejolocaldehhccalgeciras.com,Activa,Anual,Mediano,Religión / Semana Santa / Cofradías / Entidades religiosas / Cádiz,Religión
"Carromato El : teatro de calle (Puerto de Santa María, Cádiz)",http://elcarromato.com,Activa,Semestral,Pequeno,Teatro de calle / Compañías teatrales / Cádiz,Arte
"CEIP El Pino Sanlúcar de Barrameda, Cádiz)",http://elpinosanlucar.blogspot.com,Activa,Semestral,Pequeno,Educación / Centros docentes / Cádiz,Educación
"CEIP Ernesto Olivares (San José del Valle, Cádiz)",http://ernestoolivares2016.blogspot.com,Activa,Semestral,Pequeno,Educación / Centros docentes / Cádiz,Educación
"Etú (Vejer de la Frontera, Cádiz)",http://etu-vino.com,Activa,Anual,Mediano,Vinos / Bodegas / Industria de las bebidas / Cádiz,Bebidas
"Fernando de Castilla (Jerez de la Frontera, Cádiz)",http://fernandodecastilla.es,Activa,Anual,Mediano,Vinos / Bodegas / Industria de las bebidas / Vinagre / Cádiz,Bebidas
Bodegas Gutiérrez Colosia (El Puerto de Santa María (Cádiz),http://gutierrezcolosia.com,Activa,Anual,Mediano,Vinos / Brandy / Vinagre / Bodegas / Industria de las bebidas / Cádiz,Bebidas
"IES Andrés Benítez (Jerez de la Frontera, Cádiz)",http://iesandresbenitez.es,Activa,Semestral,Pequeno,Educación / Centros docentes / Cádiz,Educación
"IES Bahía de Algeciras (Algeciras, Cádiz)",http://iesbahia.es,Activa,Semestral,Pequeno,Educación / Centros docentes / Cádiz,Educación
"IES Casas Viejas (Benalup-Casas Viejas, Cádiz)",http://iescasasviejas.net,Activa,Semestral,Pequeno,Educación / Centros docentes / Cádiz,Educación
"IES Fuente Alta (Algodonales, Cádiz)",http://iesfuentealta.es,Activa,Semestral,Pequeno,Educación / Centros docentes / Cádiz,Educación
"IES José Cadalso (San Roque, Cádiz)",http://iesjosecadalso.es,Activa,Semestral,Pequeno,Educación / Centros docentes / Cádiz,Educación
"IES Pintor Juan Lara (El Puerto de Santa María, Cádiz)",http://iesjuanlara.es,Activa,Semestral,Pequeno,Educación / Centros docentes / Cádiz,Educación
"IES Pedro Sáinz de Andino (Alcalá de los Gazules, Cádiz)",http://iespsa.es,Activa,Semestral,Pequeno,Educación / Centros docentes / Cádiz,Educación
"IES San Juan de Dios (Medina Sidonia, Cádiz)",http://iessanjuandedios.weebly.com,Activa,Semestral,Pequeno,Educación / Centros docentes / Cádiz,Educación
"IES San Lucas (Sanlúcar de Barrameda, Cádiz)",http://iessanlucas.com,Activa,Semestral,Pequeno,Educación / Centros docentes / Cádiz,Educación
"IES Santo Domingo (El Puerto de Santa María, Cádiz)",http://iessantodomingo.net,Activa,Semestral,Pequeno,Educación / Centros docentes / Cádiz,Educación
"IES Sidón (Medina Sidonia, Cádiz)",http://iessidon.com/websidon/,Activa,Semestral,Pequeno,Educación / Centros docentes / Cádiz,Educación
"IES Sierra Almenara (San Roque, Cádiz)",http://iessierraalmenara.blogspot.com,Activa,Semestral,Pequeno,Educación / Centros docentes / Cádiz,Educación
"IES Valdelagrana (El Puerto de Santa María, Cádiz)",http://iesvaldelagrana.org,Activa,Semestral,Pequeno,Educación / Centros docentes / Cádiz,Educación
"IES Wenceslao Benítez (San Fernando, Cádiz)",http://ieswenceslaobenitez.es,Activa,Semestral,Pequeno,Educación / Centros docentes / Cádiz,Educación
"CEIP Poeta Carlos Álvarez (Jerez de la Frontera, Cádiz)",http://infantilpoetaalvarez.blogspot.com,Activa,Semestral,Pequeno,Educación / Centros docentes / Cádiz,Educación
Instituto de Investigación e Innovación Biomédico de Cádiz (INBICO),http://inibica.es,Activa,Semestral,Pequeno,Ciencias biomédicas / Investigación / Instituciones científicas / Cádiz,Medicina
"IES Virgen del Carmen (Puerto Real, Cádiz)",http://institutovirgendelcarmen.com,Activa,Semestral,Pequeno,Educación / Centros docentes / Cádiz,Educación
"CEIP Isabel la Católica (Chiclana de la Frontera, Cádiz)",http://isabelinacat.blogspot.com,Activa,Semestral,Pequeno,Educación / Centros docentes / Cádiz,Educación
CEIP Josefina Pascual (Cádiz),http://josefinapascual.blogspot.com,Activa,Semestral,Pequeno,Educación / Centros docentes / Cádiz,Educación
"CEIP Ntra. Sra. de las Nieves (Arcos de la Frontera, Cádiz)",http://lasnieves3.blogspot.com,Activa,Semestral,Pequeno,Educación / Centros docentes / Cádiz,Educación
"CEIP Federico García Lorca (Chiclana de la Frontera, Cádiz)",http://lorcachiclana.blogspot.com,Activa,Semestral,Pequeno,Educación / Centros docentes / Cádiz,Educación
"CEIP Luis Ponce de León (Rota, Cádiz)",http://luisponceleonrota.blogspot.com,Activa,Semestral,Pequeno,Educación / Centros docentes / Cádiz,Educación
"CEIP Fernando Hue y Gutiérrez (Zahara, Cádiz)",http://micolezahara.blogspot.com,Activa,Semestral,Pequeno,Educación / Centros docentes / Cádiz,Educación
"CEIP Ntra. Sra. de los Remedios (Chiclana de la Frontera, Cádiz)",http://nuestrocolelosremedios.blogspot.com,Activa,Semestral,Pequeno,Educación / Centros docentes / Cádiz,Educación
"Oleum Viride (Zahara de la Sierra, Cádiz)",http://oleumviride.com,Activa,Anual,Mediano,Aceite de oliva / Almazaras / Cádiz,Alimentaria
"CEIP Padre Muriel (Benalup- Casas Viejas, Cádiz)",http://padremuriel.blogspot.com,Activa,Semestral,Pequeno,Educación / Centros docentes / Cádiz,Educación
Populares de Cádiz - Partido Popular de Cádiz - (PP de Cádiz),http://ppcadiz.es,Activa,Semestral,Pequeno,Política / Instituciones políticas / Partidos políticos / Partido Popular de Cádiz (PP de Cádiz) / Cádiz,Política
"CEIP José Luis Poullet (El Puerto de Santa María, Cádiz)",http://puerto-poullet.blogspot.com,Activa,Semestral,Pequeno,Educación / Centros docentes / Cádiz,Educación
"CEIP Azorín (Rota, Cádiz)",http://rotaazorin.blogspot.com,Activa,Semestral,Pequeno,Educación / Centros docentes / Cádiz,Educación
"CEIP San Fernando (Bornos, Cádiz)",http://sanfernandobornos.blogspot.com,Activa,Semestral,Pequeno,Educación / Centros docentes / Cádiz,Educación
"CEIP Tajo de las Figuras (Benalup- Casas Viejas, Cádiz)",http://tajo-figuras.blogspot.com,Activa,Semestral,Pequeno,Educación / Centros docentes / Cádiz,Educación
"Teatro Estudio Jerez (TEJ) (Jerez de la Frontera, Cádiz)",http://tejproducciones.com/escuela.php,Activa,Semestral,Pequeno,Teatro / Compañías teatrales / Cádiz,Arte
Ayuntamiento de Algeciras (Cádiz),http://www.algeciras.es/es/,Activa,Semestral,Pequeno,Organismos administrativos / Ayuntamientos / Cádiz,Administración
"Alma de Jerez (Torrecera, Cádiz)",http://www.almadejerez.com,Activa,Anual,Mediano,Aceite de oliva / Almazaras / Cádiz,Alimentaria
"Leonor Leal (Jerez de la Frontera, Cádiz)",http://www.anegro.net/index.php/leonor-leal,Activa,Semestral,Pequeno,Teatro / Danza / Flamenco / Artistas / Cádiz,Arte
Bodegas La Cigarrera (Sanlúcar de Barrameda (Cádiz),http://www.bodegaslacigarrera.com,Activa,Anual,Mediano,Vinos / Bodegas / Industria de las bebidas / Cádiz,Bebidas
"Bodegas Miguel Guerra (Chiclana, Cádiz)",http://www.bodegasmiguelguerra.com,Activa,Anual,Mediano,Vinos / Bodegas / Industria de las bebidas / Cádiz,Bebidas
"Bodegas José Tejero Moreno (Jerez de la Frontera, Cádiz)",http://www.bodegastejero.com,Activa,Anual,Mediano,Vinos / Bodegas / Industria de las bebidas / Cádiz,Bebidas
"CEIP San José de Calasanz (Rota, Cádiz)",http://www.calasanzrota.es,Activa,Semestral,Pequeno,Educación / Centros docentes / Cádiz,Educación
"CEIP Ntra. Sra. de la Oliva (Vejer de la Frontera, Cádiz)",http://www.ceipdelaoliva.es,Activa,Semestral,Pequeno,Educación / Centros docentes / Cádiz,Educación
"CEIP Elio Antonio de Nebrija (Jerez de la Frontera, Cádiz)",http://www.ceipelioantoniodenebrija.es,Activa,Semestral,Pequeno,Educación / Centros docentes / Cádiz,Educación
"CEIP El Santiscal (Arcos de la Frontera, Cádiz)",http://www.ceipelsantiscal.es,Activa,Semestral,Pequeno,Educación / Centros docentes / Cádiz,Educación
"CEIP Fernando Gavilán (Ubrique, Cádiz)",http://www.ceipfernandogavilan.es,Activa,Semestral,Pequeno,Educación / Centros docentes / Cádiz,Educación
"CEIP Isabel La Católica (Jerez de la Frontera, Cádiz)",http://www.ceipisabellacatolica.com,Activa,Semestral,Pequeno,Educación / Centros docentes / Cádiz,Educación
Cerveza Artesana Maier (Cádiz),http://www.cervezamaier.com,Activa,Anual,Mediano,Cerveza / Industria de las bebidas / Cádiz,Bebidas
"CEIP Reina Sofía (Ubrique, Cádiz)",http://www.colegioreinasofia.es,Activa,Semestral,Pequeno,Educación / Centros docentes / Cádiz,Educación
"CEIP San Ramón Nonato (Los Barrios, Cádiz)",http://www.colegiosanramonnonato.com,Activa,Semestral,Pequeno,Educación / Centros docentes / Cádiz,Educación
"Cortijo de la Jara (Jerez de la Frontera, Cádiz)",http://www.covijerez.es,Activa,Anual,Mediano,Vinos / Industrias de las bebidas / Cooperativas / Cádiz,Bebidas
"Entrechuelos (Jerez de la Frontera, Cádiz)",http://www.entrechuelos.com,Activa,Anual,Mediano,Vinos / Bodegas / Industrias de las bebidas / Cádiz,Bebidas
Equipo Navazos (Jerez de la Frontera (Cádiz),http://www.equiponavazos.com/es/inicio/,Activa,Anual,Mediano,Vinos / Bodegas / Industria de las bebidas / Cádiz,Bebidas
Consejo Local de Hermandades y Cofradías de Barbate (Cádiz),http://www.hermandadesdebarbate.com,Activa,Anual,Mediano,Religión / Semana Santa / Cofradías / Entidades religiosas / Cádiz,Religión
"IES Alminares (Arcos de la Frontera, Cádiz)",http://www.iesalminares.es,Activa,Semestral,Pequeno,Educación / Centros docentes / Cádiz,Educación
"IES Baelo Claudia (Tarifa, Cádiz)",http://www.iesbaeloclaudiatarifa.es,Activa,Semestral,Pequeno,Educación / Centros docentes / Cádiz,Educación
"IES Botánico (San Fernando, Cádiz)",http://www.iesbotanico.org,Activa,Semestral,Pequeno,Educación / Centros docentes / Cádiz,Educación
"IES Carlos III (Prado del Rey, Cádiz)",http://www.iescarlosiii.net,Activa,Semestral,Pequeno,Educación / Centros docentes / Cádiz,Educación
"IES Castillo de Fatetar (Espera, Cádiz)",http://www.iescastillodefatetar.com/web/,Activa,Semestral,Pequeno,Educación / Centros docentes / Cádiz,Educación
"IES Cristóbal Colón (Sanlúcar de Barrameda, Cádiz)",http://www.iescristobalcolon.es,Activa,Semestral,Pequeno,Educación / Centros docentes / Cádiz,Educación
"IES El Convento (Bornos ,Cádiz)",http://www.ieselconvento.es,Activa,Semestral,Pequeno,Educación / Centros docentes / Cádiz,Educación
"IES El Picacho (Sanlúcar de Barrameda, Cádiz)",http://www.ieselpicacho.es,Activa,Semestral,Pequeno,Educación / Centros docentes / Cádiz,Educación
IES Fernando Aguilar Quignon (Cádiz),http://www.iesfernandoaguilar.es,Activa,Semestral,Pequeno,Educación / Centros docentes / Cádiz,Educación
"IES Fernando Quiñones (Chiclana de la Frontera, Cádiz)",http://www.iesfernandoquinones.com,Activa,Semestral,Pequeno,Educación / Centros docentes / Cádiz,Educación
"IES Hozgarganta (Jimena de la Frontera, Cádiz)",http://www.ieshozgarganta.es,Activa,Semestral,Pequeno,Educación / Centros docentes / Cádiz,Educación
"IES La Atalaya (Conil de la Frontera, Cádiz)",http://www.ieslaatalayaconil.com,Activa,Semestral,Pequeno,Educación / Centros docentes / Cádiz,Educación
"IES La Janda (Vejer de la Frontera, Cádiz)",http://www.ieslajanda.com,Activa,Semestral,Pequeno,Educación / Centros docentes / Cádiz,Educación
"IES Los Cabezuelos (Arcos de la Frontera, Cádiz)",http://www.iesloscabezuelos.es,Activa,Semestral,Pequeno,Educación / Centros docentes / Cádiz,Educación
"IES Mar de Cádiz (El Puerto de Santa María, Cádiz)",http://www.ies-mardecadiz.com,Activa,Semestral,Pequeno,Educación / Centros docentes / Cádiz,Educación
"IES Pedro Muñoz Seca (El Puerto de Santa María, Cádiz)",http://www.iespedromunozseca.es,Activa,Semestral,Pequeno,Educación / Centros docentes / Cádiz,Educación
"IES Saladillo (Algeciras, Cádiz)",http://www.iessaladillo.es/web/,Activa,Semestral,Pequeno,Educación / Centros docentes / Cádiz,Educación
"IES Sierra de Lijar (Olvera, Cádiz)",http://www.iessierradelijar.com,Activa,Semestral,Pequeno,Educación / Centros docentes / Cádiz,Educación
"IES Trafalgar (Barbate, Cádiz)",http://www.iestrafalgar.org,Activa,Semestral,Pequeno,Educación / Centros docentes / Cádiz,Educación
"CEIP Sierra de Cádiz (Algar, Cádiz)",http://www.juntadeandalucia.es/averroes/centros-tic/11000095/helvia/sitio/,Activa,Semestral,Pequeno,Educación / Centros docentes / Cádiz,Educación
"IES Carlos Cano (Los Barrios, Cádiz)",http://www.juntadeandalucia.es/averroes/centros-tic/11000289/helvia/sitio/,Activa,Semestral,Pequeno,Educación / Centros docentes / Cádiz,Educación
"IES Ventura Morón (Algeciras, Cádiz)",http://www.juntadeandalucia.es/averroes/centros-tic/11000381/helvia/sitio/,Activa,Semestral,Pequeno,Educación / Centros docentes / Cádiz,Educación
"CEIP Alfonso X El Sabio (Arcos de la Frontera, Cádiz)",http://www.juntadeandalucia.es/averroes/centros-tic/11000642/helvia/sitio/,Activa,Semestral,Pequeno,Educación / Centros docentes / Cádiz,Educación
"CEIP Juan XXIII (Arcos de la Frontera, Cádiz)",http://www.juntadeandalucia.es/averroes/centros-tic/11000757/helvia/sitio/,Activa,Semestral,Pequeno,Educación / Centros docentes / Cádiz,Educación
"CEIP San Isidro Labrador (Los Barrios, Cádiz)",http://www.juntadeandalucia.es/averroes/centros-tic/11000885/helvia/sitio/,Activa,Semestral,Pequeno,Educación / Centros docentes / Cádiz,Educación
"CEIP Lapachar (Chipiona, Cádiz)",http://www.juntadeandalucia.es/averroes/centros-tic/11002274/helvia/sitio/,Activa,Semestral,Pequeno,Educación / Centros docentes / Cádiz,Educación
"CEIP Pablo Picasso (Jerez de la Frontera, Cádiz)",http://www.juntadeandalucia.es/averroes/centros-tic/11002471/helvia/sitio/,Activa,Semestral,Pequeno,Educación / Centros docentes / Cádiz,Educación
"CEIP Gloria Fuertes (Jerez de la Frontera, Cádiz)",http://www.juntadeandalucia.es/averroes/centros-tic/11002663/helvia/sitio/,Activa,Semestral,Pequeno,Educación / Centros docentes / Cádiz,Educación
"CEIP Andrés de Ribera (Jerez de la Frontera, Cádiz)",http://www.juntadeandalucia.es/averroes/centros-tic/11003059/helvia/sitio/,Activa,Semestral,Pequeno,Educación / Centros docentes / Cádiz,Educación
"CEIP Virgen del Mar (Jerez de la Frontera, Cádiz)",http://www.juntadeandalucia.es/averroes/centros-tic/11003473/helvia/sitio/,Activa,Semestral,Pequeno,Educación / Centros docentes / Cádiz,Educación
"CEIP Guadalete (Jerez de la Frontera, Cádiz)",http://www.juntadeandalucia.es/averroes/centros-tic/11003588/helvia/sitio/,Activa,Semestral,Pequeno,Educación / Centros docentes / Cádiz,Educación
"CEIP Torrecera (Jerez de la Frontera, Cádiz)",http://www.juntadeandalucia.es/averroes/centros-tic/11003591/helvia/sitio/,Activa,Semestral,Pequeno,Educación / Centros docentes / Cádiz,Educación
"CEIP Isabel La Católica (La Línea de la Concepción, Cádiz)",http://www.juntadeandalucia.es/averroes/centros-tic/11003692/helvia/sitio/,Activa,Semestral,Pequeno,Educación / Centros docentes / Cádiz,Educación
"CEIP Santiago El Mayor (Medina-Sidonia, Cádiz))",http://www.juntadeandalucia.es/averroes/centros-tic/11004015/helvia/sitio/,Activa,Semestral,Pequeno,Educación / Centros docentes / Cádiz,Educación
"CEIP Doctor Thebussem (Medina-Sidonia, Cádiz)",http://www.juntadeandalucia.es/averroes/centros-tic/11004040/helvia/sitio/,Activa,Semestral,Pequeno,Educación / Centros docentes / Cádiz,Educación
"CEIP Sericícola (El Puerto de Santa María, Cádiz)",http://www.juntadeandalucia.es/averroes/centros-tic/11004234/helvia/sitio/,Activa,Semestral,Pequeno,Educación / Centros docentes / Cádiz,Educación
"CEIP Reggio (Puerto Real, Cádiz)",http://www.juntadeandalucia.es/averroes/centros-tic/11004659/helvia/sitio/,Activa,Semestral,Pequeno,Educación / Centros docentes / Cádiz,Educación
"CEIP Guadalquivir (Sanlúcar de Barrameda, Cádiz)",http://www.juntadeandalucia.es/averroes/centros-tic/11005536/helvia/sitio/index.cgi,Activa,Semestral,Pequeno,Educación / Centros docentes / Cádiz,Educación
IES Fuerte de Cortadura (Cádiz),http://www.juntadeandalucia.es/averroes/centros-tic/11006486/helvia/sitio/,Activa,Semestral,Pequeno,Educación / Centros docentes / Cádiz,Educación
"CEIP San Bernardo (Algeciras, Cádiz)",http://www.juntadeandalucia.es/averroes/centros-tic/11006887/helvia/sitio/,Activa,Semestral,Pequeno,Educación / Centros docentes / Cádiz,Educación
"CEIP Maestro Manuel Aparcero (Chipiona, Cádiz)",http://www.juntadeandalucia.es/averroes/centros-tic/11006929/helvia/sitio/,Activa,Semestral,Pequeno,Educación / Centros docentes / Cádiz,Educación
"CEIP Maestro Eduardo Lobillo (Rota, Cádiz)",http://www.juntadeandalucia.es/averroes/centros-tic/11007090/helvia/sitio/,Activa,Semestral,Pequeno,Educación / Centros docentes / Cádiz,Educación
"CEIP Antonio Briante Caro (Trebujena, Cádiz)",http://www.juntadeandalucia.es/averroes/centros-tic/11007132/helvia/sitio/,Activa,Semestral,Pequeno,Educación / Centros docentes / Cádiz,Educación
"IES Asta Regia (Jerez de la Frontera, Cádiz)",http://www.juntadeandalucia.es/averroes/centros-tic/11007387/helvia/sitio/,Activa,Semestral,Pequeno,Educación / Centros docentes / Cádiz,Educación
"CEIP Pinar Hondo (El Puerto de Santa María, Cádiz)",http://www.juntadeandalucia.es/averroes/centros-tic/11007399/helvia/sitio/,Activa,Semestral,Pequeno,Educación / Centros docentes / Cádiz,Educación
"CEIP El Trocadero (Puerto Real, Cádiz)",http://www.juntadeandalucia.es/averroes/centros-tic/11007511/helvia/sitio/,Activa,Semestral,Pequeno,Educación / Centros docentes / Cádiz,Educación
"CEIP Gibalbín (Jerez de la Frontera, Cádiz)",http://www.juntadeandalucia.es/averroes/centros-tic/11007867/helvia/sitio/,Activa,Semestral,Pequeno,Educación / Centros docentes / Cádiz,Educación
"CEIP Maestro Juan Apresa (Arcos de la Frontera, Cádiz)",http://www.juntadeandalucia.es/averroes/centros-tic/11007995/helvia/sitio/,Activa,Semestral,Pequeno,Educación / Centros docentes / Cádiz,Educación
"CEIP Blas Infante (Jerez de la Frontera, Cádiz)",http://www.juntadeandalucia.es/averroes/centros-tic/11008100/helvia/sitio/,Activa,Semestral,Pequeno,Educación / Centros docentes / Cádiz,Educación
CEIP San Felipe (Cádiz),http://www.juntadeandalucia.es/averroes/centros-tic/11602824/helvia/sitio/,Activa,Semestral,Pequeno,Educación / Centros docentes / Cádiz,Educación
CEIP Carlos III (Cádiz),http://www.juntadeandalucia.es/averroes/centros-tic/11602988/helvia/sitio/,Activa,Semestral,Pequeno,Educación / Centros docentes / Cádiz,Educación
"CEIP Montealegre (Jerez de la Frontera, Cádiz)",http://www.juntadeandalucia.es/averroes/centros-tic/11602991/helvia/sitio/,Activa,Semestral,Pequeno,Educación / Centros docentes / Cádiz,Educación
"CEIP Cuartillo (Jerez de la Frontera, Cádiz)",http://www.juntadeandalucia.es/averroes/centros-tic/11603002/helvia/sitio/,Activa,Semestral,Pequeno,Educación / Centros docentes / Cádiz,Educación
"CEIP Raimundo Rivero (San Fernando, Cádiz)",http://www.juntadeandalucia.es/averroes/centros-tic/11603270/helvia/sitio/,Activa,Semestral,Pequeno,Educación / Centros docentes / Cádiz,Educación
"CEIP Ángel Ruiz Enciso (Medina-Sidonia, Cádiz)",http://www.juntadeandalucia.es/averroes/centros-tic/11603361/helvia/sitio/,Activa,Semestral,Pequeno,Educación / Centros docentes / Cádiz,Educación
"CEIP Erytheia (San Fernando, Cádiz)",http://www.juntadeandalucia.es/averroes/centros-tic/11603373a/helvia/sitio/,Activa,Semestral,Pequeno,Educación / Centros docentes / Cádiz,Educación
"IES Huerta del Rosario (Chiclana de la Frontera, Cádiz)",http://www.juntadeandalucia.es/averroes/centros-tic/11700123/helvia/sitio/,Activa,Semestral,Pequeno,Educación / Centros docentes / Cádiz,Educación
"IES Almunia (Jerez de la Frontera, Cádiz)",http://www.juntadeandalucia.es/averroes/centros-tic/11700160/helvia/sitio/index.cgi,Activa,Semestral,Pequeno,Educación / Centros docentes / Cádiz,Educación
"IES Santa Isabel de Hungría (Jerez de la Frontera, Cádiz)",http://www.juntadeandalucia.es/averroes/centros-tic/11700172/helvia/sitio/,Activa,Semestral,Pequeno,Educación / Centros docentes / Cádiz,Educación
IES La Caleta (Cádiz),http://www.juntadeandalucia.es/averroes/centros-tic/11700287/helvia/sitio/,Activa,Semestral,Pequeno,Educación / Centros docentes / Cádiz,Educación
"IES Ciudad de Hércules (Chiclana de la Frontera, Cádiz)",http://www.juntadeandalucia.es/averroes/centros-tic/11700354/helvia/sitio/index.cgi,Activa,Semestral,Pequeno,Educación / Centros docentes / Cádiz,Educación
"IES José Luis Tejada Peluffo (EL Puerto de Santa María, Cádiz)",http://www.juntadeandalucia.es/averroes/centros-tic/11700445/helvia/sitio/,Activa,Semestral,Pequeno,Educación / Centros docentes / Cádiz,Educación
"IES Juan Sebastián Elcano (Sanlúcar de Barrameda, Cádiz)",http://www.juntadeandalucia.es/averroes/centros-tic/11700615/helvia/sitio/,Activa,Semestral,Pequeno,Educación / Centros docentes / Cádiz,Educación
"IES La Loma (Villamartín, Cádiz)",http://www.juntadeandalucia.es/averroes/centros-tic/11700743/helvia/sitio/,Activa,Semestral,Pequeno,Educación / Centros docentes / Cádiz,Educación
"IES Antonio de la Torre (EL Puerto de Santa María, Cádiz)",http://www.juntadeandalucia.es/averroes/centros-tic/11700822/helvia/sitio/,Activa,Semestral,Pequeno,Educación / Centros docentes / Cádiz,Educación
"IES Las Banderas (El Puerto de Santa María, Cádiz)",http://www.juntadeandalucia.es/averroes/centros-tic/11700834/helvia/sitio/,Activa,Semestral,Pequeno,Educación / Centros docentes / Cádiz,Educación
"IES La Campiña (Jerez de la Frontera, Cádiz)",http://www.juntadeandalucia.es/averroes/centros-tic/11701000/helvia/sitio/,Activa,Semestral,Pequeno,Educación / Centros docentes / Cádiz,Educación
"IES San Telmo (Jerez de la Frontera, Cádiz)",http://www.juntadeandalucia.es/averroes/centros-tic/11701115/helvia/sitio/,Activa,Semestral,Pequeno,Educación / Centros docentes / Cádiz,Educación
"IES Fernando Quiñones (Jerez de la Frontera, Cádiz)",http://www.juntadeandalucia.es/averroes/centros-tic/11701139/helvia/sitio/,Activa,Semestral,Pequeno,Educación / Centros docentes / Cádiz,Educación
"IES Sofía (Jerez de la Frontera, Cádiz)",http://www.juntadeandalucia.es/averroes/centros-tic/11701140/helvia/sitio/,Activa,Semestral,Pequeno,Educación / Centros docentes / Cádiz,Educación
"CEIP San Carlos Borromeo (Fuente Ovejuna, Cádiz)",http://www.juntadeandalucia.es/averroes/centros-tic/14003681/helvia/sitio/,Activa,Semestral,Pequeno,Educación / Centros docentes / Córdoba,Educación
Archivo Histórico Provincial de Cádiz,http://www.juntadeandalucia.es/cultura/archivos/ahpcadiz,Activa,Semestral,Mediano,Archivos históricos / Instituciones culturales / Cádiz,Archivística
"Gotera de Lazotea (Jerez de la Frontera, Cádiz)",http://www.lagoteradelazotea.es/web/,Activa,Semestral,Pequeno,Teatro de títeres / Compañías teatrales / Cádiz,Arte
"Vinos de Cádiz, Los (Cádiz)",http://www.losvinosdecadiz.es,Activa,Anual,Mediano,Vinos / Bodegas / Industria de las bebidas / Cádiz,Bebidas
"Asociación Astronómica Luz Cero (Campo de Gibraltar, Cádiz)",http://www.luz-cero.es,Activa,Semestral,Pequeno,Astronomía / Asociación / Cádiz,Astronomía
"CEIP Maestra Caridad Ruiz (Sanlúcar de Barrameda, Cádiz))",http://www.maestracaridadruiz.es,Activa,Semestral,Pequeno,Educación / Centros docentes / Cádiz,Educación
"Bodega El Maestro Sierra (Jerez de la Frontera, Cádiz)",http://www.maestrosierra.com/inicio/,Activa,Anual,Mediano,Vinos / Bodegas / Industria de las bebidas / Cádiz,Alimentaria
Coro de Cámara Nova Mvsica (Cádiz),http://www.novamvsica.com,Activa,Anual,Mediano,Música coral / Coros / Asociaciones / Cádiz,Música
"Orfeón Portuense (Puerto de Santa María, Cádiz)",http://www.orfeonportuense.com,Activa,Anual,Mediano,Música coral / Coros / Asociaciones / Cádiz,Música
Asociación de  Productores de Queso de  Sierra de Cádiz Quesica,http://www.quesosierradecadiz.com,Activa,Anual,Mediano,Quesos / Industria alimentaria / Cádiz,Alimentaria
Real Academia de Medicina y Cirugía de Cádiz,http://www.ramca.es,Activa,Semestral,Pequeno,Medicina / Cirugía / Instituciones científicas / Cádiz,Medicina
Ayuntamiento de San Fernando (Cádiz),http://www.sanfernando.es/ayto/,Activa,Semestral,Pequeno,Organismos administrativos / Ayuntamientos / Cádiz,Administración
"IES Torre Almirante (Algeciras, Cádiz)",http://www.torrealmirante.net/extranet/,Activa,Semestral,Pequeno,Educación / Centros docentes / Cádiz,Educación
"Bodegas Urium (Jerez de la Frontera, Cádiz)",http://www.urium.es/es/,Activa,Anual,Mediano,Vinos / Bodegas / Industria de las bebidas / Cádiz,Bebidas
"Wint &Lila (Puerto de Santa María, Cádiz)",http://www.wintlila.com,Activa,Anual,Mediano,Vinos / Bodegas / Industria de las bebidas / Cádiz,Bebidas
8Cádiz,https://8cadiz.es,Activa,Semanal,Pequeno,Medios de comunicación social / Televisión / Cádiz / Andalucía,Prensa
"CEIP Ntra. Sra. del Rosario (El Gastor, Cádiz)",https://accounts.google.com/ServiceLogin?service=jotspot&passive=1209600&continue=https://sites.google.com/site/sites/system/errors/WebspaceNotFound?path%3D/nsrelgastor&followup=https://sites.google.com/site/sites/system/errors/WebspaceNotFound?path%3D/nsrelgastor,Activa,Semestral,Pequeno,Educación / Centros docentes / Cádiz,Educación
"CEIP Maestra Áurea López (Barbate, Cádiz)",https://aureaschool.wordpress.com,Activa,Semestral,Pequeno,Educación / Centros docentes / Cádiz,Educación
"CEIP Abardela (Benaocaz, Cádiz)",https://blogsaverroes.juntadeandalucia.es/ceipabardela/,Activa,Semestral,Pequeno,Educación / Centros docentes / Cádiz,Educación
"CEIP Al-Ándalus (Chiclana de la Frontera, Cádiz)",https://blogsaverroes.juntadeandalucia.es/ceipalandaluschiclana/,Activa,Semestral,Pequeno,Educación / Centros docentes / Cádiz,Educación
"CEIP Al Ándalus (Jerez de la Frontera, Cádiz)",https://blogsaverroes.juntadeandalucia.es/ceipalandalusjerez/,Activa,Semestral,Pequeno,Educación / Centros docentes / Cádiz,Educación
"CEIP Alfonso XI (Algeciras, Cádiz)",https://blogsaverroes.juntadeandalucia.es/ceipalfonsoxi/,Activa,Semestral,Pequeno,Educación / Centros docentes / Cádiz,Educación
"CEIP Arquitecto Leoz (San Fernando, Cádiz)",https://blogsaverroes.juntadeandalucia.es/ceiparquitectoleoz/,Activa,Semestral,Pequeno,Educación / Centros docentes / Cádiz,Educación
"CEIP La Atlántida (Chiclana de la Frontera, Cádiz)",https://blogsaverroes.juntadeandalucia.es/ceipatlantida/,Activa,Semestral,Pequeno,Educación / Centros docentes / Cádiz,Educación
"CEIP Blas Infante (Sanlúcar de Barrameda, Cádiz)",https://blogsaverroes.juntadeandalucia.es/ceipblasinfantesanlucardebarrameda/,Activa,Semestral,Pequeno,Educación / Centros docentes / Cádiz,Educación
"CEIP Buenos Aires (La Línea de la Concepción, Cádiz)",https://blogsaverroes.juntadeandalucia.es/ceipbuenosaires/,Activa,Semestral,Pequeno,Educación / Centros docentes / Cádiz,Educación
CEIP Campo del Sur (Cádiz),https://blogsaverroes.juntadeandalucia.es/ceipcampodelsur/,Activa,Semestral,Pequeno,Educación / Centros docentes / Cádiz,Educación
"CEIP Casería de Ossio (San Fernando, Cádiz)",https://blogsaverroes.juntadeandalucia.es/ceipcaseriadeossio/,Activa,Semestral,Pequeno,Educación / Centros docentes / Cádiz,Educación
"CEIP Ciudad de Jerez (Jerez de la Frontera, Cádiz)",https://blogsaverroes.juntadeandalucia.es/ceipciudaddejerez/,Activa,Semestral,Pequeno,Educación / Centros docentes / Cádiz,Educación
"CEIP Cristo Rey (Jimena de la Frontera, Cádiz)",https://blogsaverroes.juntadeandalucia.es/ceipcristoreysanpablo/,Activa,Semestral,Pequeno,Educación / Centros docentes / Cádiz,Educación
"CEIP El Juncal (El Puerto de Santa María, Cádiz)",https://blogsaverroes.juntadeandalucia.es/ceipeljuncal/,Activa,Semestral,Pequeno,Educación / Centros docentes / Cádiz,Educación
"CEIP Estrella del Mar (Barbate, Cádiz)",https://blogsaverroes.juntadeandalucia.es/ceipestrelladelmar/,Activa,Semestral,Pequeno,Educación / Centros docentes / Cádiz,Educación
"CEIP José Luis Sánchez (Jimena de la Frontera, Cádiz)",https://blogsaverroes.juntadeandalucia.es/ceipjoseluissanchez/,Activa,Semestral,Pequeno,Educación / Centros docentes / Cádiz,Educación
"CEIP José de la Vega Barrios (Chiclana de la Frontera, Cádiz)",https://blogsaverroes.juntadeandalucia.es/ceipjosevegabarrios/,Activa,Semestral,Pequeno,Educación / Centros docentes / Cádiz,Educación
"CEIP Juan XXIII (Barbate, Cádiz)",https://blogsaverroes.juntadeandalucia.es/ceipjuan23barbate/,Activa,Semestral,Pequeno,Educación / Centros docentes / Cádiz,Educación
"CEIP La Alcazaba (Jerez de la Frontera, Cádiz)",https://blogsaverroes.juntadeandalucia.es/ceiplaalcazaba/,Activa,Semestral,Pequeno,Educación / Centros docentes / Cádiz,Educación
"CEIP La Barrosa (Chiclana de la Frontera, Cádiz)",https://blogsaverroes.juntadeandalucia.es/ceiplabarrosachiclana/,Activa,Semestral,Pequeno,Educación / Centros docentes / Cádiz,Educación
"CEIP La Florida (El Puerto de Santa María, Cádiz)",https://blogsaverroes.juntadeandalucia.es/ceiplaflorida/,Activa,Semestral,Pequeno,Educación / Centros docentes / Cádiz,Educación
CEIP La Inmaculada (Cádiz),https://blogsaverroes.juntadeandalucia.es/ceiplainmaculada/,Activa,Semestral,Pequeno,Educación / Centros docentes / Cádiz,Educación
"CEIP Las Albinas (Chiclana de la Frontera, Cádiz)",https://blogsaverroes.juntadeandalucia.es/ceiplasalbinas/,Activa,Semestral,Pequeno,Educación / Centros docentes / Cádiz,Educación
"CEIP La Unión (Jerez de la Frontera, Cádiz)",https://blogsaverroes.juntadeandalucia.es/ceiplaunion/informacion/,Activa,Semestral,Pequeno,Educación / Centros docentes / Cádiz,Educación
"CEIP Lomopardo (Jerez de la Frontera, Cádiz)",https://blogsaverroes.juntadeandalucia.es/ceiplomopardo/,Activa,Semestral,Pequeno,Educación / Centros docentes / Cádiz,Educación
"CEIP Manuel de Falla (Jerez de la Frontera, Cádiz)",https://blogsaverroes.juntadeandalucia.es/ceipmanueldefalla/,Activa,Semestral,Pequeno,Educación / Centros docentes / Cádiz,Educación
"CEIP Profesor Gálvez (Villaluenga del Rosario, Cádiz)",https://blogsaverroes.juntadeandalucia.es/ceipprofesorgalvez/,Activa,Semestral,Pequeno,Educación / Centros docentes / Cádiz,Educación
"CEIP Ramón Crossa (Ubrique, Cádiz)",https://blogsaverroes.juntadeandalucia.es/ceipramoncrossa/,Activa,Semestral,Pequeno,Educación / Centros docentes / Cádiz,Educación
CEIP Reyes Católicos (Cádiz),https://blogsaverroes.juntadeandalucia.es/ceipreyescatolicos/,Activa,Semestral,Pequeno,Educación / Centros docentes / Cádiz,Educación
"CEIP Sagrado Corazón de Jesús (El Puerto de Santa María, Cádiz)",https://blogsaverroes.juntadeandalucia.es/ceipsagradocorazondejesus/,Activa,Semestral,Pequeno,Educación / Centros docentes / Cádiz,Educación
"CEIP Sancti Petri (Chiclana de la Frontera, Cádiz)",https://blogsaverroes.juntadeandalucia.es/ceipsanctipetri/,Activa,Semestral,Pequeno,Educación / Centros docentes / Cádiz,Educación
"CEIP San Isidro Labrador (Fuente Palmera, Cádiz)",https://blogsaverroes.juntadeandalucia.es/ceipsanisidrolabrador/,Activa,Semestral,Pequeno,Educación / Centros docentes / Córdoba,Educación
"CEIP San José Obrero (Jerez de la Frontera, Cádiz)",https://blogsaverroes.juntadeandalucia.es/ceipsanjoseobrero/,Activa,Semestral,Pequeno,Educación / Centros docentes / Cádiz,Educación
"CEIP Santa Rita (San Roque, Cádiz)",https://blogsaverroes.juntadeandalucia.es/ceipsantarita/,Activa,Semestral,Pequeno,Educación / Centros docentes / Cádiz,Educación
"CEIP Tartessos (Jerez de la Frontera, Cádiz)",https://blogsaverroes.juntadeandalucia.es/ceiptartessos/,Activa,Semestral,Pequeno,Educación / Centros docentes / Cádiz,Educación
"CEIP Tierno Galván (Castellar de la Frontera, Cádiz)",https://blogsaverroes.juntadeandalucia.es/ceiptiernogalvan/,Activa,Semestral,Pequeno,Educación / Centros docentes / Cádiz,Educación
CEIP Profesor Tierno Galván (Cádiz),https://blogsaverroes.juntadeandalucia.es/ceiptiernogalvancadiz/,Activa,Semestral,Pequeno,Educación / Centros docentes / Cádiz,Educación
"CEIP Profesor Tierno Galván (Chiclana de la Frontera, Cádiz)",https://blogsaverroes.juntadeandalucia.es/ceiptiernogalvanchiclana/,Activa,Semestral,Pequeno,Educación / Centros docentes / Cádiz,Educación
"CEIP Velada (La Línea de la Concepción, Cádiz)",https://blogsaverroes.juntadeandalucia.es/ceipvelada/,Activa,Semestral,Pequeno,Educación / Centros docentes / Cádiz,Educación
"CEIP Virgen del Carmen (Setenil de las Bodegas, Cádiz)",https://blogsaverroes.juntadeandalucia.es/ceipvirgendelcarmensetenil/,Activa,Semestral,Pequeno,Educación / Centros docentes / Cádiz,Educación
"CEIP San Isidro Labrador (Bornos, Cádiz)",https://blogsaverroes.juntadeandalucia.es/colecotodebornos/,Activa,Semestral,Pequeno,Educación / Centros docentes / Cádiz,Educación
"CEIP Princesa Sofía (Sanlúcar de Barrameda, Cádiz)",https://blogsaverroes.juntadeandalucia.es/colegioprincesasofia/,Activa,Semestral,Pequeno,Educación / Centros docentes / Cádiz,Educación
"CEIP Juan Armario (Alcalá de los Gazules, Cádiz)",https://blogsaverroes.juntadeandalucia.es/colejuanarmario/,Activa,Semestral,Pequeno,Educación / Centros docentes / Cádiz,Educación
"IES García Lorca (Algeciras, Cádiz)",https://blogsaverroes.juntadeandalucia.es/garcialorcalgeciras/,Activa,Semestral,Pequeno,Educación / Centros docentes / Cádiz,Educación
"IES Almadraba (Tarifa, Cádiz)",https://blogsaverroes.juntadeandalucia.es/iesalmadraba/,Activa,Semestral,Pequeno,Educación / Centros docentes / Cádiz,Educación
"IES Blas Infante (San Fernando, Cádiz)",https://blogsaverroes.juntadeandalucia.es/iesblasinfante/,Activa,Semestral,Pequeno,Educación / Centros docentes / Cádiz,Educación
"IES Botánico (Sanlúcar de Barrameda, Cádiz)",https://blogsaverroes.juntadeandalucia.es/iesbotanicosanlucar/,Activa,Semestral,Pequeno,Educación / Centros docentes / Cádiz,Educación
"IES José M. Caballero Bonald (Jerez dela Frontera, Cádiz)",https://blogsaverroes.juntadeandalucia.es/iescaballerobonald/,Activa,Semestral,Pequeno,Educación / Centros docentes / Cádiz,Educación
"IES Castillo de Tempul (San José del Valle, Cádiz)",https://blogsaverroes.juntadeandalucia.es/iescastillodetempul/,Activa,Semestral,Pequeno,Educación / Centros docentes / Cádiz,Educación
"IES Doctora Josefa de los Reyes (Jerez de la Frontera, Cádiz)",https://blogsaverroes.juntadeandalucia.es/iesdoctorajosefadelosreyes/,Activa,Semestral,Pequeno,Educación / Centros docentes / Cádiz,Educación
"IES La Algaida (Puerto Real, Cádiz)",https://blogsaverroes.juntadeandalucia.es/ieslaalgaida/,Activa,Semestral,Pequeno,Educación / Centros docentes / Cádiz,Educación
"IES La Bahía (San Fernando, Cádiz)",https://blogsaverroes.juntadeandalucia.es/ieslabahia/,Activa,Semestral,Pequeno,Educación / Centros docentes / Cádiz,Educación
"IES La Granja (Jerez de la Frontera, Cádiz)",https://blogsaverroes.juntadeandalucia.es/ieslagranja/,Activa,Semestral,Pequeno,Educación / Centros docentes / Cádiz,Educación
"IES La Jarcia (Puerto Real, Cádiz)",https://blogsaverroes.juntadeandalucia.es/ieslajarcia/,Activa,Semestral,Pequeno,Educación / Centros docentes / Cádiz,Educación
"IES Las Palomas (Algeciras, Cádiz)",https://blogsaverroes.juntadeandalucia.es/ieslaspalomas/,Activa,Semestral,Pequeno,Educación / Centros docentes / Cádiz,Educación
"IES Los Molinos (Conil de la Frontera, Cádiz)",https://blogsaverroes.juntadeandalucia.es/ieslosmolinosconil/,Activa,Semestral,Pequeno,Educación / Centros docentes / Cádiz,Educación
"IES Mar del Sur (San Roque, Cádiz)",https://blogsaverroes.juntadeandalucia.es/iesmardelsur/,Activa,Semestral,Pequeno,Educación / Centros docentes / Cádiz,Educación
"IES Villa de Setenil (Setenil de las Bodegas, Cádiz)",https://blogsaverroes.juntadeandalucia.es/iesvilladesetenil/,Activa,Semestral,Pequeno,Educación / Centros docentes / Cádiz,Educación
"CEIP Reyes Católicos (Puerto Real, Cádiz)",https://blogsaverroes.juntadeandalucia.es/reyescatolicospuertoreal/,Activa,Semestral,Pequeno,Educación / Centros docentes / Cádiz,Educación
"CEIP San Juan de Dios (Jerez de la Frontera, Cádiz)",https://blogsaverroes.juntadeandalucia.es/sanjuandediosjerez/,Activa,Semestral,Pequeno,Educación / Centros docentes / Cádiz,Educación
"CEIP Tomasa Pinilla (Jerez de la Frontera, Cádiz)",https://blogsaverroes.juntadeandalucia.es/tomasapinilla/,Activa,Semestral,Pequeno,Educación / Centros docentes / Cádiz,Educación
"CEIP El Trovador (Chiclana de la Frontera, Cádiz)",https://blogsaverroes.juntadeandalucia.es/trovador/,Activa,Semestral,Pequeno,Educación / Centros docentes / Cádiz,Educación
"Bodegas Primitivo Collantes (Chiclana de la Frontera, Cádiz)",https://bodegaprimitivocollantes.es,Activa,Anual,Mediano,Vinos / Bodegas / Industria de las bebidas / Cádiz,Bebidas
"Bodegas Alonso (Sanlúcar de Barrameda, Cádiz)",https://bodegasalonso.com,Activa,Anual,Mediano,Vinos / Bodegas / Industria de las bebidas / Cádiz,Alimentaria
"Bodegas Dios Baco (Jerez de la Frontera, Cádiz)",https://bodegasdiosbaco.com,Activa,Anual,Mediano,Vinos / Bodegas / Industria de las bebidas / Cádiz,Bebidas
"Bodegas El Gato (Rota, Cádiz)",https://bodegaselgato.es,Activa,Anual,Mediano,Vinos / Bodegas / Industria de las bebidas / Cádiz,Bebidas
"Bodegas Faustino González (Jerez de la Frontera, Cádiz)",https://bodegasfaustinogonzalez.com,Activa,Anual,Mediano,Vinos / Bodegas / Industria de las bebidas / Cádiz,Bebidas
"Bodegas Hidalgo-La Gitana (Sanlúcar de Barrameda, Cádiz)",https://bodegashidalgolagitana.com,Activa,Anual,Mediano,Vinos / Bodegas / Industria de las bebidas / Cádiz,Bebidas
Bodegas Rivero (Prado del Rey (Cádiz),https://bodegas-rivero.ueniweb.com,Activa,Anual,Mediano,Vinos / Bodegas / Industria de las bebidas / Cádiz,Bebidas
"Bodegas Tradición (Jerez de la Frontera, Cádiz)",https://bodegastradicion.es/es/,Activa,Anual,Mediano,Vinos / Bodegas / Industria de las bebidas / Cádiz,Bebidas
"Bodegas Yuste (Sanlúcar de Barrameda, Cádiz)",https://bodegasyuste.com,Activa,Anual,Mediano,Vinos / Bodegas / Industria de las bebidas / Cádiz,Bebidas
"Tesalia (Arcos de la Frontera, Cádiz)",https://bodegatesalia.com,Activa,Anual,Mediano,Vinos / Bodegas / Industria de las bebidas / Cádiz,Bebidas
"CEIP Escuelas Verdes (Puerto Serrano, Cádiz)",https://bolicheros.wordpress.com,Activa,Semestral,Pequeno,Educación / Centros docentes / Cádiz,Educación
"Caballero (Puerto de Santa María, Cádiz)",https://caballero.es,Activa,Anual,Mediano,Vinos / Ponche / Bodegas / Industria de las bebidas / Cádiz,Bebidas
"Destilerías Pico (Puerto de Santa María, Cádiz)",https://cacaopico.es,Activa,Anual,Mediano,Licores / Industria de las bebidas / Cádiz,Bebidas
Colegio Oficial de Agentes Comerciales de Cádiz,https://cadiz.cgac.es,Activa,Semestral,Pequeno,Economía / Comercio / Agentes comerciales / Asociaciones / Cádiz,Economía
Cádiz buenas noticias,https://cadizbuenasnoticias.com,Activa,Semanal,Pequeno,Medios de comunicación social / Periódicos electrónicos / Cádiz / Andalucía,Prensa
"Cerveza Volaera (Puerto de Santa María, Cádiz)",https://caletera.com,Activa,Anual,Mediano,Cerveza / Industria de las bebidas / Cádiz,Bebidas
CEIP Carola Ribed (Cádiz),https://carolaribed.es,Activa,Semestral,Pequeno,Educación / Centros docentes / Cádiz,Educación
"CEIP Pedro Antonio de Alarcón (Rota, Cádiz)",https://ceipalarconrota.wordpress.com,Activa,Semestral,Pequeno,Educación / Centros docentes / Cádiz,Educación
"CEIP Andalucía (Cádiz)
Ahora se llama CEIP Juan Carlos Aragón (Cádiz)",https://ceipandalucia.es.tl/El-Colegio.htm,Activa,Semestral,Pequeno,Educación / Centros docentes / Cádiz,Educación
"CEIP Antonio Machado (Medina-Sidonia, Cádiz)",https://c-e-i-p-antonio-machado.webnode.es,Activa,Semestral,Pequeno,Educación / Centros docentes / Cádiz,Educación
"CEIP Los Bateles (Conil de la Frontera, Cádiz)",https://ceipbateles.wordpress.com,Activa,Semestral,Pequeno,Educación / Centros docentes / Cádiz,Educación
"CEIP Caetaria (Algeciras, Cádiz)",https://ceip-caetaria.webnode.es,Activa,Semestral,Pequeno,Educación / Centros docentes / Cádiz,Educación
CEIP Gadir (Cádiz),https://ceipgadir.blogspot.com,Activa,Semestral,Pequeno,Educación / Centros docentes / Cádiz,Educación
"CEIP Guadaluz (Jerez de la Frontera, Cádiz)",https://ceipguadaluz.wordpress.com,Activa,Semestral,Pequeno,Educación / Centros docentes / Cádiz,Educación
"CEIP Las Cortes (San Fernando, Cádiz)",https://ceiplascortes.es,Activa,Semestral,Pequeno,Educación / Centros docentes / Cádiz,Educación
"CEIP Puente Zuazo (San Fernando, Cádiz)",https://ceippuentezuazo.blogspot.com,Activa,Semestral,Pequeno,Educación / Centros docentes / Cádiz,Educación
"CEIP San Bernardo (San Roque, Cádiz)",https://ceipsanbernardo.com,Activa,Semestral,Pequeno,Educación / Centros docentes / Cádiz,Educación
"CEIP Santa Teresa de Jesús (Algeciras, Cádiz)",https://ceipsantateresalgeciras.wordpress.com,Activa,Semestral,Pequeno,Educación / Centros docentes / Cádiz,Educación
"CEIP Torrevieja (Villamartín, Cádiz)",https://ceiptorrevieja.es.tl,Activa,Semestral,Pequeno,Educación / Centros docentes / Cádiz,Educación
Consorcio de Transportes Bahía de Cádiz,https://cmtbc.es,Activa,Anual,Mediano,Transportes / Organismos administrativos / Cádiz,Transporte
Cofradía de la Sentencia (Cádiz),https://cofradiasentenciacadiz.wordpress.com,Activa,Anual,Mediano,Religión / Semana Santa / Cofradías / Entidades religiosas / Cádiz,Religión
"CEIP Alfonso X El Sabio (Jerez de la Frontera, Cádiz)",https://colegioalfonsoxjerez.blogspot.com,Activa,Semestral,Pequeno,Educación / Centros docentes / Cádiz,Educación
CEIP José Celestino Mutis (Cádiz),https://colegiocelestinomutis.wordpress.com,Activa,Semestral,Pequeno,Educación / Centros docentes / Cádiz,Educación
CEIP Inmaculada Concepción (La Línea de la Concepción Cádiz),https://coleinmaculada11.blogspot.com,Activa,Semestral,Pequeno,Educación / Centros docentes / Cádiz,Educación
Colegio Oficial de Médicos de Cádiz,https://comcadiz.es,Activa,Semestral,Pequeno,Medicina / Médicos / Asociaciones / Cádiz,Medicina
Conservatorio Profesional de Danza de Cádiz Maribel Gallardo,https://conservatoriodanzacadiz.es,Activa,Semestral,Pequeno,Danza / Centros docentes / Conservatorios / Educación / Cádiz,Arte
Real Conservatorio Profesional de Música Manuel de Falla de Cádiz,https://conservatoriomanueldefalla.es,Activa,Semestral,Mediano,Música / Educación / Conservatorios / Centros docentes / Cádiz,Música
Coral Polifónica “Isla Cristina” (Cádiz),https://coral-islacristina.wixsite.com/inicio,Activa,Anual,Mediano,Música coral / Coros / Asociaciones / Cádiz,Música
Corporación de noticias Cádiz,https://corporacionnoticias.es/cadiz-acelera-el-ritmo-de-la-campana-para-vacunar-a-treintaneros-en-julio/,Activa,Semanal,Pequeno,Medios de comunicación social / Periódicos electrónicos / Cádiz / Andalucía,Prensa
"CEIP Los Cortijillos (Los Barrios, Cádiz)",https://cortijillos.weebly.com,Activa,Semestral,Pequeno,Educación / Centros docentes / Cádiz,Educación
Cooperativa del Campo Vitivinícola Sanluqueña (Sanlúcar de Barrameda (Cádiz),https://covisan.net,Activa,Anual,Mediano,Vinos / Industrias de las bebidas / Cooperativas / Cádiz,Bebidas
Colegio Oficial de Dentistas de Cádiz,https://dentistascadiz.com,Activa,Semestral,Pequeno,Medicina / Dentistas / Asociaciones / Cádiz,Medicina
"Destraperlo comando cervecero(Jerez de la Frontera, Cádiz)",https://destraperlo-comando-cervecero.negocio.site,Activa,Anual,Mediano,Cerveza / Industria de las bebidas / Cádiz,Bebidas
"Bodegas y Viñedos Diez Mérito (Jerez de la Frontera, Cádiz)",https://diezmerito.com,Activa,Anual,Mediano,Vinos / Bodegas / Industria de las bebidas / Cádiz,Bebidas
Eduardo Guerrero (Cádiz),https://eduardo-guerrero.com/es_es/home/,Activa,Semestral,Pequeno,Teatro / Compañías teatrales / Cádiz,Arte
Efesto Teatro (Cádiz),https://efestoteatro.blogspot.com,Activa,Semestral,Pequeno,Teatro / Danza / Compañías teatrales / Cádiz,Arte
"CEIP El Colorado (Conil de la Frontera, Cádiz)",https://elcoloradoceip.blogspot.com,Activa,Semestral,Pequeno,Educación / Centros docentes / Cádiz,Educación
Federación de Cofradías de Pescadores de Cádiz (FECOPESCA),https://fecopesca.com,Activa,Anual,Mediano,Pesca / Cofradías de pescadores / Asociaciones / Cádiz,Caza
Festival Iberoamericano de Teatro de Cádiz,https://fitdecadiz.org,Activa,Semestral,Pequeno,Teatro / Festivales / Cádiz,Arte
"Harveys (Jerez de la Frontera, Cádiz)",https://harveys.es,Activa,Anual,Mediano,Vinos / Bodegas / Industria de las bebidas / Cádiz,Bebidas
"Bodegas Argüeso (Sanlúcar de Barrameda, Cádiz)",https://herederosdeargueso.com,Activa,Anual,Mediano,Vinos / Bodegas / Industria de las bebidas / Cádiz,Bebidas
"Emilio Hidalgo (Jerez de la Frontera, Cádiz)",https://hidalgo.com,Activa,Anual,Mediano,Vinos / Bodegas / Industrias de las bebidas / Cádiz,Bebidas
Hospital Universitario Puerta del Mar (Cádiz),https://hospitalpuertadelmar.com,Activa,Semestral,Pequeno,Hospitales / Servicios de salud / Medicina / Cádiz,Salud pública
Ilustre Colegio de Abogados de Cádiz,https://icadiz.org,Activa,Semestral,Pequeno,Derecho / Abogados / Asociaciones / Cádiz,Derecho
"IES Alvar Núñez (Jerez de la Frontera, Cádiz)",https://iesalvarnunez.es,Activa,Semestral,Pequeno,Educación / Centros docentes / Cádiz,Educación
"IES Antonio Machado (La Linea de la Concepción, Cádiz)",https://iesantoniomachado.es,Activa,Semestral,Pequeno,Educación / Centros docentes / Cádiz,Educación
"IES La Arboleda (El Puerto de Santa María, Cádiz)",https://iesarboleda13.wordpress.com,Activa,Semestral,Pequeno,Educación / Centros docentes / Cádiz,Educación
"IES Astaroth (Rota, Cádiz)",https://iesastaroth.com,Activa,Semestral,Pequeno,Educación / Centros docentes / Cádiz,Educación
"IES Carlos Castilla del Pino (San Roque, Cádiz)",https://iescarloscastilla.com,Activa,Semestral,Pequeno,Educación / Centros docentes / Cádiz,Educación
"IES Ciudad de Algeciras (Algeciras, Cádiz)",https://iesciudadalgeciras.wixsite.com/algeciras,Activa,Semestral,Pequeno,Educación / Centros docentes / Cádiz,Educación
IES Columela (Cádiz),https://iescolumela.es,Activa,Semestral,Pequeno,Educación / Centros docentes / Cádiz,Educación
"IES Doñana (Sanlúcar de Barrameda, Cádiz)",https://iesdonana.org,Activa,Semestral,Pequeno,Educación / Centros docentes / Cádiz,Educación
"IES El Getares (Algeciras, Cádiz)",https://ieselgetares.org,Activa,Semestral,Pequeno,Educación / Centros docentes / Cádiz,Educación
"IES Escuela de Hostelería San Roque (San Roque, Cádiz)",https://iesescueladehosteleriasanroque.es,Activa,Semestral,Pequeno,Educación / Centros docentes / Cádiz,Educación
"IES Maestro Francisco Fatou (Ubrique, Cádiz)",https://iesfranciscofatou.es,Activa,Semestral,Pequeno,Educación / Centros docentes / Cádiz,Educación
"IES Isla de León (San Fernando, Cádiz)",https://iesisladeleon.es,Activa,Semestral,Pequeno,Educación / Centros docentes / Cádiz,Educación
"IES Isla Verde (Algeciras, Cádiz)",https://iesislaverde.es,Activa,Semestral,Pequeno,Educación / Centros docentes / Cádiz,Educación
"IES Kursaal (Algeciras, Cádiz)",https://ieskursaal.es,Activa,Semestral,Pequeno,Educación / Centros docentes / Cádiz,Educación
"IES Manuel de Falla (Puerto Real, Cádiz)",https://iesmanueldefalla.es,Activa,Semestral,Pequeno,Educación / Centros docentes / Cádiz,Educación
"IES Mar de Poniente (La Linea de la Concepción, Cádiz)",https://iesmardeponiente.com,Activa,Semestral,Pequeno,Educación / Centros docentes / Cádiz,Educación
"IES Mediterráneo (La Linea de la Concepción, Cádiz)",https://iesmediterraneo.net,Activa,Semestral,Pequeno,Educación / Centros docentes / Cádiz,Educación
"IES Poeta García Gutiérrez (Chiclana de la Frontera, Cádiz)",https://iespoeta.com,Activa,Semestral,Pequeno,Educación / Centros docentes / Cádiz,Educación
IES Rafael Alberti (Cádiz),https://iesrafaelalberti.es,Activa,Semestral,Pequeno,Educación / Centros docentes / Cádiz,Educación
"IES Salmedina (Chipiona, Cádiz)",https://iessalmedina.es,Activa,Semestral,Pequeno,Educación / Centros docentes / Cádiz,Educación
IES San Severiano (Cádiz),https://iessanseveriano.es/web/,Activa,Semestral,Pequeno,Educación / Centros docentes / Cádiz,Educación
"IES Vía Verde (Puerto Serrano, Cádiz)",https://iesviaverde.com,Activa,Semestral,Pequeno,Educación / Centros docentes / Cádiz,Educación
Ayuntamiento de Cádiz,https://institucional.cadiz.es,Activa,Semestral,Pequeno,Organismos administrativos / Ayuntamientos / Cádiz,Administración
"IES Las Salinas (San Fernando, Cádiz)",https://lassalinassf.es/web/index.php/es/,Activa,Semestral,Pequeno,Educación / Centros docentes / Cádiz,Educación
"Lustau (Jerez de la Frontera, Cádiz)",https://lustau.es,Activa,Anual,Mediano,Vinos / Bodegas / Industria de las bebidas / Vinagre / Cádiz,Bebidas
Pescado de Conil-Organización de Productores Pesqueros Artesanales Lonja de Conil (Cádiz),https://pescadodeconil.com,Activa,Anual,Mediano,Pesca / Pescadores / Asociaciones / Cádiz,Caza
"IES Alventus (Trebujena, Cádiz)",https://proyectoalventus.wordpress.com/ies-alventus/,Activa,Semestral,Pequeno,Educación / Centros docentes / Cádiz,Educación
"Sancha Pérez (Conil de la Frontera, Cádiz)",https://sanchaperez.com/es/,Activa,Anual,Mediano,Vinos / Bodegas / Industria de las bebidas / Cádiz,Bebidas
CEIP San Rafael (Cádiz),https://sanrafaelcadiz.blogspot.com,Activa,Semestral,Pequeno,Educación / Centros docentes / Cádiz,Educación
Orfeón Santa Cecilia: coral polifónica de Sanlúcar de Barrameda (Cádiz),https://santaceciliaorfeon.wordpress.com,Activa,Anual,Mediano,Música coral / Coros / Asociaciones / Cádiz,Música
"CEIP Serafina Andrades (Chiclana de la Frontera, Cádiz)",https://serafinaandrades.com,Activa,Semestral,Pequeno,Educación / Centros docentes / Cádiz,Educación
"CEIP Servando Camúñez (San Fernando, Cádiz)",https://servandocamunez.blogspot.com,Activa,Semestral,Pequeno,Educación / Centros docentes / Cádiz,Educación
Sociedad Filarmónica San Fernando (Cádiz),https://sfmsf.es,Activa,Anual,Mediano,Música / Asociaciones / Cádiz,Música
"CEIP Miguel de Cervantes (Jerez de la Frontera, Cádiz)",https://sites.google.com/ceipmiguelcervantes.com/ceipmiguelcervantes/inicio,Activa,Semestral,Pequeno,Educación / Centros docentes / Cádiz,Educación
"CEIP Valdelagrana (El Puerto de Santa María, Cádiz)",https://sites.google.com/ceipvaldelagrana.es/webcolevaldelagrana/inicio,Activa,Semestral,Pequeno,Educación / Centros docentes / Cádiz,Educación
"CEIP Reina de la Paz (San Fernando, Cádiz)",https://sites.google.com/colegioreinadelapaz.com/principal/p%C3%A1gina-principal,Activa,Semestral,Pequeno,Educación / Centros docentes / Cádiz,Educación
"CEIP Don Luis Lamadrid ( Los Barrios, Cádiz)",https://sites.google.com/g.educaand.es/ceip-donluis-lamadrid,Activa,Semestral,Pequeno,Educación / Centros docentes / Cádiz,Educación
"IES Profesor Antonio Muro (Puerto Real, Cádiz)",https://sites.google.com/iesantoniomuro.es/iesantoniomuro/,Activa,Semestral,Pequeno,Educación / Centros docentes / Cádiz,Educación
"IES Las Cumbres (Ubrique, Cádiz)",https://sites.google.com/ieslascumbres.es/ieslascumbres/inicio,Activa,Semestral,Pequeno,Educación / Centros docentes / Cádiz,Educación
"IES Francisco Pacheco (Sanlúcar de Barrameda, Cádiz)",https://sites.google.com/iespacheco.es/elpacheco/inicio,Activa,Semestral,Pequeno,Educación / Centros docentes / Cádiz,Educación
"IES Francisco Romero Vargas (Jerez de la Frontera, Cádiz)",https://sites.google.com/iesromerovargas.com/romerovargas/inicio,Activa,Semestral,Pequeno,Educación / Centros docentes / Cádiz,Educación
"CEIP Campoameno (Arcos de la Frontera, Cádiz)",https://sites.google.com/site/ceipcampoamenoarcos/,Activa,Semestral,Pequeno,Educación / Centros docentes / Cádiz,Educación
"CEIP El Retiro (Jerez de la Frontera, Cádiz)",https://sites.google.com/site/ceipelretiro/nuestro-colegio,Activa,Semestral,Pequeno,Educación / Centros docentes / Cádiz,Educación
"CEIP Federico García Lorca (Jerez de la Frontera, Cádiz)",https://sites.google.com/site/ceipgarcialorcajerez/,Activa,Semestral,Pequeno,Educación / Centros docentes / Cádiz,Educación
"CEIP La Jara ( Sanlúcar de Barrameda, Cádiz)",https://sites.google.com/site/ceiplajarasanlucar/,Activa,Semestral,Pequeno,Educación / Centros docentes / Cádiz,Educación
"CEIP Luis Vives (Jerez de la Frontera, Cádiz)",https://sites.google.com/site/ceipluisvivesjerez/,Activa,Semestral,Pequeno,Educación / Centros docentes / Cádiz,Educación
"CEIP Maestro José Sabio (Sanlúcar de Barrameda, Cádiz)",https://sites.google.com/site/ceipmaestrojosesabio/home,Activa,Semestral,Pequeno,Educación / Centros docentes / Cádiz,Educación
"CEIP San Juan de Ribera (Bornos, Cádiz)",https://sites.google.com/site/ceipsanjuanderibera/,Activa,Semestral,Pequeno,Educación / Centros docentes / Cádiz,Educación
"CEIP Elio Antonio de Nebrija Villamartín, Cádiz)",https://sites.google.com/site/colegionebrija/,Activa,Semestral,Pequeno,Educación / Centros docentes / Cádiz,Educación
"IES Baelo Claudia (Algeciras, Cádiz)",https://sites.google.com/site/iesbaeloclaudia/home,Activa,Semestral,Pequeno,Educación / Centros docentes / Cádiz,Educación
"CEIP Benafelix (Ubrique, Cádiz)",https://sites.google.com/view/ceipbenafelix/,Activa,Semestral,Pequeno,Educación / Centros docentes / Cádiz,Educación
"CEIP Víctor de la Serna y Espina (Ubrique, Cádiz)",https://sites.google.com/view/victordelasernaubrique/inicio,Activa,Semestral,Pequeno,Educación / Centros docentes / Cádiz,Educación
Aedo Teatro El (Cádiz),https://teatroparajovenes.com,Activa,Semestral,Pequeno,Teatro / Compañías teatrales / Cádiz,Arte
"Bodegas Collado (Pueblo Nuevo de Guadiaro, Cádiz)",https://vinotecacollado.com/bodegas/,Activa,Anual,Mediano,Vinos / Bodegas / Industria de las bebidas / Cádiz,Bebidas
"CEIP Virgen del Sol (Tarifa, Cádiz)",https://virgendelsol.wordpress.com,Activa,Semestral,Pequeno,Educación / Centros docentes / Cádiz,Educación
Viva Cádiz,https://vivacadiz.es,Activa,Semanal,Mediano,Medios de comunicación social / Periódicos electrónicos / Cádiz / Andalucía,Prensa
"IES Ntra. Sra. de los Remedios (Ubrique, Cádiz)",https://web.ieslosremedios.org,Activa,Semestral,Pequeno,Educación / Centros docentes / Cádiz,Educación
Colegio Oficial de Peritos e Ingenieros Técnicos Industriales de Cádiz,https://web.ingenierosdecadiz.es,Activa,Semestral,Pequeno,Ingeniería industrial / Ingenieros industriales / Asociaciones / Cádiz,Ingeniería
"CEIP Juan XXIII (Puerto Real, Cádiz)",https://webdelcolej23pr.wixsite.com/webceipjuan23,Activa,Semestral,Pequeno,Educación / Centros docentes / Cádiz,Educación
Ilustre Colegio Territorial de Administradores de Fincas de Cádiz,https://www.afincas.com,Activa,Semestral,Pequeno,Economía / Vivienda / Administradores de Fincas / Asociaciones / Cádiz,Economía
"Alba viticultores (Sanlúcar de Barrameda, Cádiz)",https://www.albaviticultores.com,Activa,Anual,Mediano,Vinos / Bodegas / Industria de las bebidas / Cádiz,Alimentaria
"Molino Las Pilas (Olvera, Cádiz)",https://www.almazaralaspilas.com,Activa,Anual,Mediano,Aceite de oliva / Almazaras / Cádiz,Alimentaria
"Álvaro Domecq (Jerez de la Frontera, Cádiz)",https://www.alvarodomecq.com,Activa,Anual,Mediano,Vinos / Bodegas / Industria de las bebidas / Vinagres / Cádiz,Alimentaria
"Barbadillo (Sanlúcar de Barrameda, Cádiz)",https://www.barbadillo.com,Activa,Anual,Mediano,Vinos / Bodegas / Industria de las bebidas / Cádiz,Bebidas
Biblioteca de Cádiz,https://www.bibliotecasdeandalucia.es/web/biblioteca-del-estado-publica-provincial-de-cadiz/inicio,Activa,Semestral,Mediano,Bibliotecas / Patrimonio bibliográfico y documental / Instituciones culturales / Cádiz,Bibliotecas
Biblioteca Pública Municipal Medina-Sidonia (Cádiz),https://www.bibliotecaspublicas.es/MedinaSidonia/index.jsp,Activa,Semestral,Mediano,Bibliotecas / Patrimonio bibliográfico y documental / Instituciones culturales / Cádiz,Bibliotecas
"Bibliotecas Públicas Municipales Poetas Andaluces y Rafael Alberti (Rota, Cádiz)",https://www.bibliotecaspublicas.es/rota/,Activa,Semestral,Mediano,Bibliotecas / Patrimonio bibliográfico y documental / Instituciones culturales / Cádiz,Bibliotecas
Biblioteca  Municipal Sanlúcar de Barrameda (Cádiz),https://www.bibliotecaspublicas.es/sanlucardebarrameda/,Activa,Semestral,Mediano,Bibliotecas / Patrimonio bibliográfico y documental / Instituciones culturales / Cádiz,Bibliotecas
"Biblioteca Pública Municipal Blas Infante (Ubrique, Cádiz)",https://www.bibliotecaspublicas.es/ubrique/,Activa,Semestral,Mediano,Bibliotecas / Patrimonio bibliográfico y documental / Instituciones culturales / Cádiz,Bibliotecas
"Bodegas Blanca Reyes (Jerez de la Frontera, Cádiz)",https://www.bodegasblancareyes.com,Activa,Anual,Mediano,Vinos / Bodegas / Industria de las bebidas / Cádiz,Bebidas
Cádiz directo,https://www.cadizdirecto.com,Activa,Semanal,Pequeno,Medios de comunicación social / Periódicos electrónicos / Cádiz / Andalucía,Prensa
"Cámara Oficial de Comercio, Industria, Servicios y Navegación de Cádiz",https://www.camaracadiz.com,Activa,Semestral,Pequeno,Economía / Comercio / Industria / Cádiz,Economía
"Hermandad Cautivo y Estrella (Sanlúcar de Barrameda, Cádiz)",https://www.cautivoestrella.org,Activa,Anual,Mediano,Religión / Semana Santa / Cofradías / Entidades religiosas / Cádiz,Religión
"CEIP Francisco Giner de los Ríos (Barbate,Cádiz)",https://www.ceipfranciscoginerdelosriosbarbate.es,Activa,Semestral,Pequeno,Educación / Centros docentes / Cádiz,Educación
"CEIP Giner de los Ríos (Chiclana de la Frontera, Cádiz)",https://www.ceipginerchiclana.com,Activa,Semestral,Pequeno,Educación / Centros docentes / Cádiz,Educación
"CEIP Las Granjas (Jerez de la Frontera, Cádiz)",https://www.ceiplasgranjas.es,Activa,Semestral,Pequeno,Educación / Centros docentes / Cádiz,Educación
"CEIP Tartessos (Algeciras, Cádiz)",https://www.ceiptartessos.com,Activa,Semestral,Pequeno,Educación / Centros docentes / Cádiz,Educación
"Cervezas La Pepa (Jerez de la Frontera, Cádiz)",https://www.cervezaslapepa.com,Activa,Anual,Mediano,Cerveza / Industria de las bebidas / Cádiz,Bebidas
Ayuntamiento de Chiclana de la Frontera (Cádiz),https://www.chiclana.es,Activa,Semestral,Pequeno,Organismos administrativos / Ayuntamientos / Cádiz,Administración
Colegio Oficial de Farmacéuticos de Cádiz,https://www.cofcadiz.es,Activa,Semestral,Pequeno,Farmacología / Farmacéuticos / Asociaciones / Cádiz,Farmacología
"CEIP Adalides (Algeciras, Cádiz)",https://www.colegioadalides.es/web2/,Activa,Semestral,Pequeno,Educación / Centros docentes / Cádiz,Educación
"CEIP Cristo de las Misericordias (Chipiona, Cádiz)",https://www.colegiocristochipiona.es,Activa,Semestral,Pequeno,Educación / Centros docentes / Cádiz,Educación
"CEIP Guzmán El Bueno (Tarifa, Cádiz)",https://www.colegioguzmantarifa.com/search/label/Inicio,Activa,Semestral,Pequeno,Educación / Centros docentes / Cádiz,Educación
"CEIP La Marquesa (Jerez de la Frontera, Cádiz)",https://www.colegiolamarquesa.es,Activa,Semestral,Mediano,Educación / Centros docentes / Cádiz,Educación
"CEIP Marqués de Santa Cruz (El Puerto de Santa María, Cádiz)",https://www.colegiomarquesdesantacruz.com,Activa,Semestral,Pequeno,Educación / Centros docentes / Cádiz,Educación
Consejo Local de Hermandades y Cofradías de Cádiz,https://www.consejocofradiascadiz.net,Activa,Anual,Mediano,Religión / Semana Santa / Cofradías / Entidades religiosas / Cádiz,Religión
"Bodega Delgado Zuleta (Sanlúcar de Barrameda, Cádiz)",https://www.delgadozuleta.com,Activa,Anual,Mediano,Vinos / Bodegas / Industria de las bebidas / Vinagre / Cádiz,Alimentaria
Diario Bahía de Cádiz,https://www.diariobahiadecadiz.com,Activa,Semanal,Mediano,Medios de comunicación social / Periódicos electrónicos / Cádiz / Andalucía,Prensa
Diputación de Cádiz,https://www.dipucadiz.es,Activa,Mensual,Mediano,Organismos administrativos / Diputaciones provinciales / Cádiz,Administración
Denominación de origen Aceites Sierra de Cádiz,https://www.dopsierradecadiz.com,Activa,Anual,Mediano,Aceite de oliva / Denominaciones de origen / Cádiz,Alimentaria
"CEIP El Membrillar (Jerez de la Frontera, Cádiz)",https://www.elmembrillar.es,Activa,Semestral,Pequeno,Educación / Centros docentes / Cádiz,Educación
Ayuntamiento de El Puerto de Santa María (Cádiz),https://www.elpuertodesantamaria.es,Activa,Semestral,Pequeno,Organismos administrativos / Ayuntamientos / Cádiz,Administración
"Finca Moncloa (Arcos de la Frontera, Cádiz)",https://www.fincamoncloa.com,Activa,Anual,Mediano,Vinos / Bodegas / Industria de las bebidas / Cádiz,Bebidas
"IES Fuente Grande (Alcalá del Valle, Cádiz)",https://www.fuentegrande.org,Activa,Semestral,Pequeno,Educación / Centros docentes / Cádiz,Educación
"CEIP Gloria Fuertes (San Roque, Cádiz)",https://www.gloriafuertesguadiaro.com,Activa,Semestral,Pequeno,Educación / Centros docentes / Cádiz,Educación
"González Byass (Jerez de la Frontera, Cádiz)",https://www.gonzalezbyass.com,Activa,Anual,Mediano,Vinos / Bodegas / Industria de las bebidas / Cádiz,Bebidas
Colegio Oficial de Graduados Sociales de Cádiz,https://www.graduadosocialcadiz.net,Activa,Semestral,Pequeno,Derecho / Graduados sociales / Asociaciones / Cádiz,Derecho
"José Estévez (Jerez de la Frontera, Cádiz)",https://www.grupoestevez.es/home.cfm?CFID=1837522&CFTOKEN=88858293,Activa,Anual,Mediano,Vinos / Bodegas / Industria de las bebidas / Cádiz,Bebidas
"Huerta de Albalá (Arcos de la Frontera, Cádiz)",https://www.huertadealbala.com,Activa,Anual,Mediano,Vinos / Bodegas / Industria de las bebidas / Cádiz,Bebidas
"IES Almoraima (Castellar de la Frontera, Cádiz)",https://www.iesalmoraima.com,Activa,Semestral,Pequeno,Educación / Centros docentes / Cádiz,Educación
"IES Arroyo Hondo (Rota, Cádiz)",https://www.iesarroyohondo.com,Activa,Semestral,Pequeno,Educación / Centros docentes / Cádiz,Educación
"IES Azahar (Jimena de la Frontera, Cádiz)",https://www.iesazahar.com,Activa,Semestral,Pequeno,Educación / Centros docentes / Cádiz,Educación
"IES Caepionis (Chipiona, Cádiz)",https://www.iescaepionis.es,Activa,Semestral,Pequeno,Educación / Centros docentes / Cádiz,Educación
"IES Castillo de Luna (Rota, Cádiz)",https://www.iescastillodeluna.es,Activa,Semestral,Pequeno,Educación / Centros docentes / Cádiz,Educación
"IES Castillo de Matrera (Villamartín, Cádiz)",https://www.iescastillodematrera.es/joomla3/,Activa,Semestral,Pequeno,Educación / Centros docentes / Cádiz,Educación
"IES Padre Luis Coloma (Jerez de la Frontera, Cádiz)",https://www.iescoloma.es,Activa,Semestral,Pequeno,Educación / Centros docentes / Cádiz,Educación
IES Cornelio Balbo (Cádiz),https://www.iescorneliobalbo.com,Activa,Semestral,Pequeno,Educación / Centros docentes / Cádiz,Educación
IES Drago (Cádiz),https://www.iesdrago.com/web/,Activa,Semestral,Pequeno,Educación / Centros docentes / Cádiz,Educación
"IES Fernando Savater (Jerez de la Frontera, Cádiz)",https://www.iesfernandosavater.es,Activa,Semestral,Pequeno,Educación / Centros docentes / Cádiz,Educación
"IES Jorge Juan (San Fernando, Cádiz)",https://www.iesjorgejuan.es,Activa,Semestral,Pequeno,Educación / Centros docentes / Cádiz,Educación
"IES La Pedrera Blanca (Chiclana de la Frontera, Cádiz)",https://www.ieslapedrerablanca.es,Activa,Semestral,Pequeno,Educación / Centros docentes / Cádiz,Educación
"IES Levante (Algeciras, Cádiz)",https://www.ieslevante.es,Activa,Semestral,Pequeno,Educación / Centros docentes / Cádiz,Educación
"IES Pablo Ruiz Picasso (Chiclana de la Frontera, Cádiz)",https://www.iespicasso.com,Activa,Semestral,Pequeno,Educación / Centros docentes / Cádiz,Educación
"IES Sancti Petri (San Fernando, Cádiz)",https://www.iessanctipetri.es,Activa,Semestral,Pequeno,Educación / Centros docentes / Cádiz,Educación
"IES Virgen de la Esperanza (La Linea de la Concepción, Cádiz)",https://www.iesvirgendelaesperanza.com,Activa,Semestral,Pequeno,Educación / Centros docentes / Cádiz,Educación
"IES Zaframagón (Olvera, Cádiz)",https://www.ieszaframagon.com,Activa,Semestral,Pequeno,Educación / Centros docentes / Cádiz,Educación
"Ayuntamiento de Jerez (Jerez de la Frontera, Cádiz)",https://www.jerez.es,Activa,Semestral,Pequeno,Organismos administrativos / Ayuntamientos / Cádiz,Administración
"IES Sierra Luna (Los Barrios, Cádiz)",https://www.juntadeandalucia.es/averroes/centros-tic/11700561/helvia/sitio/,Activa,Semestral,Pequeno,Educación / Centros docentes / Cádiz,Educación
Ayuntamiento de La Línea de la Concepción (Cádiz),https://www.lalinea.es/portal/index.php,Activa,Semestral,Pequeno,Organismos administrativos / Ayuntamientos / Cádiz,Administración
"Rosa del Infante, La (Jerez de la Frontera, Cádiz)",https://www.larosadelinfante.es,Activa,Anual,Mediano,Aceite de oliva / Almazaras / Cádiz,Alimentaria
La voz de Cádiz.es,https://www.lavozdigital.es,Activa,Semanal,Mediano,Medios de comunicación social / Periódicos electrónicos / Cádiz / Andalucía,Prensa
"Bodegas Elías González (Sanlúcar de Barrameda, Cádiz)",https://www.manzanillaelias.com,Activa,Anual,Mediano,Vinos / Bodegas / Industria de las bebidas / Cádiz,Bebidas
"Molino de Espera (Espera, Cádiz)",https://www.molinodeespera.com,Activa,Anual,Mediano,Aceite de oliva / Almazaras / Cádiz,Alimentaria
"Molino El Salado (Olvera, Cádiz)",https://www.molinoelsalado.com,Activa,Anual,Mediano,Aceite de oliva / Almazaras / Cádiz,Alimentaria
Museo de Cádiz,https://www.museosdeandalucia.es/web/museodecadiz,Activa,Semestral,Mediano,Museos / Instituciones culturales / Cádiz,Instituciones
"Olivar El Herrerillo (Medina Sidonia, Cádiz)",https://www.olivarelherrerillo.com,Activa,Anual,Mediano,Aceite de oliva / Almazaras / Cádiz,Alimentaria
"Osborne (Puerto de Santa María, Cádiz)",https://www.osborne.es,Activa,Anual,Mediano,Vinos / Bodegas / Industria de las bebidas / Cádiz,Bebidas
"Casa Pedro Domecq (Jerez de la Frontera, Cádiz)",https://www.pedrodomecq.com,Activa,Anual,Mediano,Vinos / Licores / Bodegas / Enoturismo / Industria de las bebidas / Cádiz,Bebidas
Plaza de Toros de Jerez (Cádiz),https://www.plazadetorosdejerez.es,Activa,Anual,Mediano,Plazas de toros / Corridas de toros / Cádiz,Juegos
Asociación de la prensa de Cádiz,https://www.prensacadiz.org,Activa,Mensual,Pequeno,Periodismo / Periodistas / Asociaciones / Cádiz,Prensa
PSOE de Cádiz – Partido Socialista Obrero Español de Cádiz (PSOE Cádiz),https://www.psoedecadiz.es,Activa,Semestral,Pequeno,Política / Instituciones políticas / Partidos políticos / Partido Socialista Obrero Español Cádiz (PSOE Cádiz) / Cádiz,Política
Puerto de la Bahía de Cádiz,https://www.puertocadiz.com,Activa,Anual,Mediano,Organismos administrativos / Transportes / Puertos / Cádiz,Transporte
"Rives (Puerto de Santa María, Cádiz)",https://www.rives.es/es/,Activa,Anual,Mediano,Aguardientes / Ginebra / Industria de las bebidas / Cádiz,Bebidas
"Romate (Jerez de la Frontera, Cádiz)",https://www.romate.com,Activa,Anual,Mediano,Vinos / Bodegas / Industria de las bebidas / Cádiz,Bebidas
"Dos Maderas ron añejo (Jerez de la Frontera, Cádiz)",https://www.rondosmaderas.com,Activa,Anual,Mediano,Aguardientes / Ron / Industria de las bebidas / Cádiz,Bebidas
Ayuntamiento de Sanlúcar de Barrameda (Cádiz),https://www.sanlucardebarrameda.es,Activa,Semestral,Pequeno,Organismos administrativos / Ayuntamientos / Cádiz,Administración
"IES Seritium (Jerez de la Frontera, Cádiz)",https://www.seritium.es/wordpress/,Activa,Semestral,Pequeno,Educación / Centros docentes / Cádiz,Educación
Sierra de Cádiz,https://www.sierradecadiz.com,Activa,Semanal,Pequeno,Medios de comunicación social / Periódicos electrónicos / Cádiz / Andalucía,Prensa
Hospital de La Janda (Cádiz),https://www.sspa.juntadeandalucia.es/epsbg/hospitales-de-alta-resolucion/la-janda/inicio-1-1/,Activa,Semestral,Pequeno,Hospitales / Servicios de salud / Medicina / Cádiz,Salud pública
Teleprensa: diario digital (es. Cádiz),https://www.teleprensa.com/tags/cadiz,Activa,Semanal,Mediano,Medios de comunicación social / Periódicos electrónicos / Cádiz / Andalucía,Prensa
"Tío Pepe (Jerez de la Frontera, Cádiz)",https://www.tiopepe.com/es-es/validate,Activa,Anual,Mediano,Vinos / Bodegas / Industria de las bebidas / Cádiz,Bebidas
"CEIP Vicente Tofiño (San Fernando, Cádiz)",https://www.vicentetofino.es,Activa,Semestral,Pequeno,Educación / Centros docentes / Cádiz,Educación
"Bodegas Williams & Humbert (Jerez de la Frontera, Cádiz)",https://www.williams-humbert.com,Activa,Anual,Mediano,Vinos / Aguardientes / Bodegas / Industria de las bebidas / Cádiz,Bebidas
"IES Guadalpeña (Arcos de la Frontera, Cádiz)",https://www.xn--iesguadalpea-khb.es,Activa,Semestral,Pequeno,Educación / Centros docentes / Cádiz,Educación
"Zoo Castellar : centro de rescate animal (Castellar de la Frontera, Cádiz)",https://www.zoodecastellar.es,Activa,Anual,Mediano,Parques zoológicos / Animales / Asociaciones / Cádiz,Zoología
